{
  "vending": {
    "1": {
      "coords": [-97.11377299502486, 32.73210664264599]
    },
    "2": {
      "coords": [-97.11288239409377, 32.728182522615654]
    },
    "3": {
      "coords": [-97.11161471697396, 32.727642883237124]
    },
    "4": {
      "coords": [-97.11174843443213, 32.73151089127039]
    }
  },
  "cafes": {
    "1": {
      "coords": [-97.1115278491166, 32.72768127086002]
    },
    "2": {
      "coords": [-97.11290416475023, 32.72827355565151]
    },
    "3": {
      "coords": [-97.11170241851211, 32.73192565203104]
    },
    "4": {
      "coords": [-97.11315034624154, 32.72960991016204]
    },
    "5": {
      "coords": [-97.11083321102873, 32.731466679660684]
    },
    "6": {
      "coords": [-97.11163541365949, 32.73160764536472]
    },
    "7": {
      "coords": [-97.11164024984625, 32.73168207621295]
    },
    "8": {
      "coords": [-97.11158514859954, 32.731744651155466]
    },
    "9": {
      "coords": [-97.11149147648082, 32.73173847091586]
    },
    "10": {
      "coords": [-97.11189609503428, 32.731732546232536]
    },
    "11": {
      "coords": [-97.10856386880202, 32.731903037253474]
    },
    "12": {
      "coords": [-97.10854267347273, 32.731365172425484]
    }
  },
  "restrooms": {
    "1": {
      "coords": [-97.11052671373778, 32.73148006463627]
    },
    "2": {
      "coords": [-97.11337790226249, 32.733395083280044]
    },
    "3": {
      "coords": [-97.1124452421596, 32.73331161361611]
    },
    "4": {
      "coords": [-97.1138554946491, 32.73209889583504]
    },
    "5": {
      "coords": [-97.11168228663043, 32.73163592190345]
    },
    "6": {
      "coords": [-97.1137680970385, 32.73093610201467]
    },
    "7": {
      "coords": [-97.11301687062505, 32.7296824175523]
    },
    "8": {
      "coords": [-97.11179102396332, 32.73040136378114]
    },
    "9": {
      "coords": [-97.1128166980065, 32.72865326485994]
    },
    "10": {
      "coords": [-97.11306304749957, 32.72827025683091]
    },
    "11": {
      "coords": [-97.11194653429962, 32.72766158938242]
    },
    "12": {
      "coords": [-97.1113903636784, 32.72791911875068]
    }
  },
  "study": {
    "1": {
      "coords": [-97.11384297415849, 32.73223155120688]
    },
    "2": {
      "coords": [-97.11315476713511, 32.73336665532047]
    },
    "3": {
      "coords": [-97.11247488166045, 32.73318706068697]
    },
    "4": {
      "coords": [-97.11065812241489, 32.73186250294529]
    },
    "5": {
      "coords": [-97.11067488624883, 32.731445712230226]
    },
    "6": {
      "coords": [-97.11298423153342, 32.72970950206589]
    },
    "7": {
      "coords": [-97.11317128322783, 32.72821074985477]
    },
    "8": {
      "coords": [-97.11139121802084, 32.72743588552241]
    },
    "9": {
      "coords": [-97.11218848824561, 32.72765564281518]
    },
    "10": {
      "coords": [-97.11284291656544, 32.727872859749795]
    },
    "11": {
      "coords": [-97.1129390261117, 32.72871984979602]
    }
  }
}
